abcde,12345
abcde,12345
ab3253e,123hoiwh5
kjnlke,15
nlcnal,1578
nlcnal,1578
abcde,12345
abcde,12345
ab3253e,123hoiwh5
kjnlke,15
nlcnal,1578
nlcnal,1578
abcde,12345
abcde,12345
ab3253e,123hoiwh5
kjnlke,15
nlcnal,1578
nlcnal,1578
abcde,12345
abcde,12345
ab3253e,123hoiwh5
kjnlke,15
nlcnal,1578
nlcnal,1578
abcde,12345
abcde,12345
ab3253e,123hoiwh5
kjnlke,15
nlcnal,1578
nlcnal,1578
abcde,12345
abcde,12345
ab3253e,123hoiwh5
kjnlke,15
nlcnal,1578
nlcnal,1578
abcde,12345
abcde,12345
ab3253e,123hoiwh5
kjnlke,15
nlcnal,1578
nlcnal,1578
abcde,12345
abcde,12345
ab3253e,123hoiwh5
kjnlke,15
nlcnal,1578
nlcnal,1578
